tag,path,Unnamed: 0,Unnamed: 0.1,CC,SAC,XMLD,delta_t,project_created_at,project_name,tag_date
broadleaf-1.6.0-M2,/media/disk-2/aleborgne/DataSource/versions/BroadleafCommerce-versions/broadleaf-1.6.0-M2,2374,2374,1,1,1,3097421.0,2011-12-09 17:53:52+00:00,BroadleafCommerce/BroadleafCommerce,2012-03-28 20:57:41
broadleaf-1.6.0-GA,/media/disk-2/aleborgne/DataSource/versions/BroadleafCommerce-versions/broadleaf-1.6.0-GA,2376,2376,1,1,1,2781711.0,2011-12-09 17:53:52+00:00,BroadleafCommerce/BroadleafCommerce,2012-04-30 21:00:10
broadleaf-1.6.1-GA,/media/disk-2/aleborgne/DataSource/versions/BroadleafCommerce-versions/broadleaf-1.6.1-GA,2378,2378,1,1,1,3164633.0,2011-12-09 17:53:52+00:00,BroadleafCommerce/BroadleafCommerce,2012-06-06 17:32:38
broadleaf-2.0.0-GA,/media/disk-2/aleborgne/DataSource/versions/BroadleafCommerce-versions/broadleaf-2.0.0-GA,2380,2380,1,1,1,5050004.0,2011-12-09 17:53:52+00:00,BroadleafCommerce/BroadleafCommerce,2012-09-28 20:55:14
broadleaf-2.0.1-GA,/media/disk-2/aleborgne/DataSource/versions/BroadleafCommerce-versions/broadleaf-2.0.1-GA,2381,2381,1,1,1,677985.0,2011-12-09 17:53:52+00:00,BroadleafCommerce/BroadleafCommerce,2012-10-06 17:14:59
broadleaf-1.6.2-GA,/media/disk-2/aleborgne/DataSource/versions/BroadleafCommerce-versions/broadleaf-1.6.2-GA,2382,2382,1,1,1,625801.0,2011-12-09 17:53:52+00:00,BroadleafCommerce/BroadleafCommerce,2012-10-13 23:05:00
broadleaf-2.0.2-GA,/media/disk-2/aleborgne/DataSource/versions/BroadleafCommerce-versions/broadleaf-2.0.2-GA,2383,2383,1,1,1,2329038.0,2011-12-09 17:53:52+00:00,BroadleafCommerce/BroadleafCommerce,2012-11-09 22:02:18
broadleaf-2.1.0-RC1,/media/disk-2/aleborgne/DataSource/versions/BroadleafCommerce-versions/broadleaf-2.1.0-RC1,2384,2384,1,1,1,1654713.0,2011-12-09 17:53:52+00:00,BroadleafCommerce/BroadleafCommerce,2012-11-29 01:40:51
broadleaf-2.0.3-GA,/media/disk-2/aleborgne/DataSource/versions/BroadleafCommerce-versions/broadleaf-2.0.3-GA,2385,2385,1,1,1,414449.0,2011-12-09 17:53:52+00:00,BroadleafCommerce/BroadleafCommerce,2012-12-03 20:48:20
broadleaf-2.1.0-RC2,/media/disk-2/aleborgne/DataSource/versions/BroadleafCommerce-versions/broadleaf-2.1.0-RC2,2386,2386,1,1,1,1225.0,2011-12-09 17:53:52+00:00,BroadleafCommerce/BroadleafCommerce,2012-12-03 21:08:45
broadleaf-2.1.0-GA,/media/disk-2/aleborgne/DataSource/versions/BroadleafCommerce-versions/broadleaf-2.1.0-GA,2387,2387,1,1,1,337430.0,2011-12-09 17:53:52+00:00,BroadleafCommerce/BroadleafCommerce,2012-12-07 18:52:35
broadleaf-2.0.4-GA,/media/disk-2/aleborgne/DataSource/versions/BroadleafCommerce-versions/broadleaf-2.0.4-GA,2388,2388,1,1,1,6775.0,2011-12-09 17:53:52+00:00,BroadleafCommerce/BroadleafCommerce,2012-12-07 20:45:30
broadleaf-2.2.0-RC1,/media/disk-2/aleborgne/DataSource/versions/BroadleafCommerce-versions/broadleaf-2.2.0-RC1,2389,2389,1,1,1,2247964.0,2011-12-09 17:53:52+00:00,BroadleafCommerce/BroadleafCommerce,2013-01-02 21:11:34
broadleaf-2.0.5-GA,/media/disk-2/aleborgne/DataSource/versions/BroadleafCommerce-versions/broadleaf-2.0.5-GA,2390,2390,1,1,1,7397.0,2011-12-09 17:53:52+00:00,BroadleafCommerce/BroadleafCommerce,2013-01-02 23:14:51
broadleaf-2.1.1-GA,/media/disk-2/aleborgne/DataSource/versions/BroadleafCommerce-versions/broadleaf-2.1.1-GA,2391,2391,1,1,1,1229.0,2011-12-09 17:53:52+00:00,BroadleafCommerce/BroadleafCommerce,2013-01-02 23:35:20
1.6.0-GA-Support,/media/disk-2/aleborgne/DataSource/versions/BroadleafCommerce-versions/1.6.0-GA-Support,2392,2392,1,1,1,595833.0,2011-12-09 17:53:52+00:00,BroadleafCommerce/BroadleafCommerce,2013-01-09 21:05:53
BroadleafCommerce-1.6.0-M2-x,/media/disk-2/aleborgne/DataSource/versions/BroadleafCommerce-versions/BroadleafCommerce-1.6.0-M2-x,2397,2397,1,1,1,22.0,2011-12-09 17:53:52+00:00,BroadleafCommerce/BroadleafCommerce,2013-01-09 21:07:51
BroadleafCommerce-1.6.x,/media/disk-2/aleborgne/DataSource/versions/BroadleafCommerce-versions/BroadleafCommerce-1.6.x,2398,2398,1,1,1,21.0,2011-12-09 17:53:52+00:00,BroadleafCommerce/BroadleafCommerce,2013-01-09 21:08:12
broadleaf-2.2.0-RC2,/media/disk-2/aleborgne/DataSource/versions/BroadleafCommerce-versions/broadleaf-2.2.0-RC2,2399,2399,1,1,1,356795.0,2011-12-09 17:53:52+00:00,BroadleafCommerce/BroadleafCommerce,2013-01-14 00:14:47
broadleaf-2.3.0-M1,/media/disk-2/aleborgne/DataSource/versions/BroadleafCommerce-versions/broadleaf-2.3.0-M1,2400,2400,1,1,1,171254.0,2011-12-09 17:53:52+00:00,BroadleafCommerce/BroadleafCommerce,2013-01-15 23:49:01
broadleaf-2.0.6-GA,/media/disk-2/aleborgne/DataSource/versions/BroadleafCommerce-versions/broadleaf-2.0.6-GA,2401,2401,1,1,1,151327.0,2011-12-09 17:53:52+00:00,BroadleafCommerce/BroadleafCommerce,2013-01-17 17:51:08
broadleaf-2.1.2-GA,/media/disk-2/aleborgne/DataSource/versions/BroadleafCommerce-versions/broadleaf-2.1.2-GA,2402,2402,1,1,1,1604.0,2011-12-09 17:53:52+00:00,BroadleafCommerce/BroadleafCommerce,2013-01-17 18:17:52
broadleaf-2.2.0-GA,/media/disk-2/aleborgne/DataSource/versions/BroadleafCommerce-versions/broadleaf-2.2.0-GA,2403,2403,1,1,1,1309657.0,2011-12-09 17:53:52+00:00,BroadleafCommerce/BroadleafCommerce,2013-02-01 22:05:29
broadleaf-2.0.7-GA,/media/disk-2/aleborgne/DataSource/versions/BroadleafCommerce-versions/broadleaf-2.0.7-GA,2404,2404,1,1,1,1034840.0,2011-12-09 17:53:52+00:00,BroadleafCommerce/BroadleafCommerce,2013-02-13 21:32:49
broadleaf-3.0.0-ALPHA1,/media/disk-2/aleborgne/DataSource/versions/BroadleafCommerce-versions/broadleaf-3.0.0-ALPHA1,2405,2405,1,1,1,3623633.0,2011-12-09 17:53:52+00:00,BroadleafCommerce/BroadleafCommerce,2013-03-27 20:06:42
broadleaf-2.3.0-M2,/media/disk-2/aleborgne/DataSource/versions/BroadleafCommerce-versions/broadleaf-2.3.0-M2,2406,2406,1,1,1,1328.0,2011-12-09 17:53:52+00:00,BroadleafCommerce/BroadleafCommerce,2013-03-27 20:28:50
broadleaf-2.3.0-M2-1,/media/disk-2/aleborgne/DataSource/versions/BroadleafCommerce-versions/broadleaf-2.3.0-M2-1,2407,2407,1,1,1,421549.0,2011-12-09 17:53:52+00:00,BroadleafCommerce/BroadleafCommerce,2013-04-01 17:34:39
broadleaf-3.0.0-ALPHA2,/media/disk-2/aleborgne/DataSource/versions/BroadleafCommerce-versions/broadleaf-3.0.0-ALPHA2,2408,2408,1,1,1,130787.0,2011-12-09 17:53:52+00:00,BroadleafCommerce/BroadleafCommerce,2013-04-03 05:54:26
broadleaf-3.0.0-ALPHA3,/media/disk-2/aleborgne/DataSource/versions/BroadleafCommerce-versions/broadleaf-3.0.0-ALPHA3,2409,2409,1,1,1,514427.0,2011-12-09 17:53:52+00:00,BroadleafCommerce/BroadleafCommerce,2013-04-09 04:48:13
broadleaf-2.3.0-M2-2,/media/disk-2/aleborgne/DataSource/versions/BroadleafCommerce-versions/broadleaf-2.3.0-M2-2,2410,2410,1,1,1,59682.0,2011-12-09 17:53:52+00:00,BroadleafCommerce/BroadleafCommerce,2013-04-09 21:22:55
broadleaf-2.3.0-M2-3,/media/disk-2/aleborgne/DataSource/versions/BroadleafCommerce-versions/broadleaf-2.3.0-M2-3,2411,2411,1,1,1,177882.0,2011-12-09 17:53:52+00:00,BroadleafCommerce/BroadleafCommerce,2013-04-11 22:47:37
broadleaf-2.2.1-RC1,/media/disk-2/aleborgne/DataSource/versions/BroadleafCommerce-versions/broadleaf-2.2.1-RC1,2412,2412,1,1,1,942053.0,2011-12-09 17:53:52+00:00,BroadleafCommerce/BroadleafCommerce,2013-04-22 20:28:30
broadleaf-2.3.0-M2-4,/media/disk-2/aleborgne/DataSource/versions/BroadleafCommerce-versions/broadleaf-2.3.0-M2-4,2413,2413,1,1,1,1198668.0,2011-12-09 17:53:52+00:00,BroadleafCommerce/BroadleafCommerce,2013-05-06 17:26:18
broadleaf-3.0.0-BETA1,/media/disk-2/aleborgne/DataSource/versions/BroadleafCommerce-versions/broadleaf-3.0.0-BETA1,2414,2414,1,1,1,822587.0,2011-12-09 17:53:52+00:00,BroadleafCommerce/BroadleafCommerce,2013-05-16 05:56:05
broadleaf-3.0.0-BETA2,/media/disk-2/aleborgne/DataSource/versions/BroadleafCommerce-versions/broadleaf-3.0.0-BETA2,2415,2415,1,1,1,399449.0,2011-12-09 17:53:52+00:00,BroadleafCommerce/BroadleafCommerce,2013-05-20 20:53:34
broadleaf-2.3.0-M2-5,/media/disk-2/aleborgne/DataSource/versions/BroadleafCommerce-versions/broadleaf-2.3.0-M2-5,2416,2416,1,1,1,250723.0,2011-12-09 17:53:52+00:00,BroadleafCommerce/BroadleafCommerce,2013-05-23 18:32:17
broadleaf-3.0.0-BETA3,/media/disk-2/aleborgne/DataSource/versions/BroadleafCommerce-versions/broadleaf-3.0.0-BETA3,2417,2417,1,1,1,614072.0,2011-12-09 17:53:52+00:00,BroadleafCommerce/BroadleafCommerce,2013-05-30 21:06:49
broadleaf-3.0.0-GA,/media/disk-2/aleborgne/DataSource/versions/BroadleafCommerce-versions/broadleaf-3.0.0-GA,2418,2418,1,1,1,2409213.0,2011-12-09 17:53:52+00:00,BroadleafCommerce/BroadleafCommerce,2013-06-27 18:20:22
broadleaf-3.1.0-ALPHA1,/media/disk-2/aleborgne/DataSource/versions/BroadleafCommerce-versions/broadleaf-3.1.0-ALPHA1,2419,2419,1,1,1,1039682.0,2011-12-09 17:53:52+00:00,BroadleafCommerce/BroadleafCommerce,2013-07-09 19:08:24
broadleaf-3.0.1-GA,/media/disk-2/aleborgne/DataSource/versions/BroadleafCommerce-versions/broadleaf-3.0.1-GA,2420,2420,1,1,1,1292263.0,2011-12-09 17:53:52+00:00,BroadleafCommerce/BroadleafCommerce,2013-07-24 18:06:07
broadleaf-custom-field-1.0.0-M1,/media/disk-2/aleborgne/DataSource/versions/BroadleafCommerce-versions/broadleaf-custom-field-1.0.0-M1,2421,2421,0,1,1,4926.0,2011-12-09 17:53:52+00:00,BroadleafCommerce/BroadleafCommerce,2013-07-24 19:28:13
broadleaf-2.4.0-GA,/media/disk-2/aleborgne/DataSource/versions/BroadleafCommerce-versions/broadleaf-2.4.0-GA,2422,2422,1,1,1,4031738.0,2011-12-09 17:53:52+00:00,BroadleafCommerce/BroadleafCommerce,2013-09-09 11:23:51
broadleaf-2.3.0-GA,/media/disk-2/aleborgne/DataSource/versions/BroadleafCommerce-versions/broadleaf-2.3.0-GA,2423,2423,1,1,1,9422.0,2011-12-09 17:53:52+00:00,BroadleafCommerce/BroadleafCommerce,2013-09-09 14:00:53
broadleaf-3.0.2-GA,/media/disk-2/aleborgne/DataSource/versions/BroadleafCommerce-versions/broadleaf-3.0.2-GA,2424,2424,1,1,1,3623.0,2011-12-09 17:53:52+00:00,BroadleafCommerce/BroadleafCommerce,2013-09-09 15:01:16
broadleaf-3.1.0-ALPHA2,/media/disk-2/aleborgne/DataSource/versions/BroadleafCommerce-versions/broadleaf-3.1.0-ALPHA2,2425,2425,1,1,1,3881380.0,2011-12-09 17:53:52+00:00,BroadleafCommerce/BroadleafCommerce,2013-10-24 13:10:56
broadleaf-3.0.3-GA,/media/disk-2/aleborgne/DataSource/versions/BroadleafCommerce-versions/broadleaf-3.0.3-GA,2426,2426,1,1,1,338660.0,2011-12-09 17:53:52+00:00,BroadleafCommerce/BroadleafCommerce,2013-10-28 11:15:16
broadleaf-3.0.4-GA,/media/disk-2/aleborgne/DataSource/versions/BroadleafCommerce-versions/broadleaf-3.0.4-GA,2427,2427,1,1,1,1204804.0,2011-12-09 17:53:52+00:00,BroadleafCommerce/BroadleafCommerce,2013-11-11 09:55:20
broadleaf-3.0.5-GA,/media/disk-2/aleborgne/DataSource/versions/BroadleafCommerce-versions/broadleaf-3.0.5-GA,2428,2428,1,1,1,90084.0,2011-12-09 17:53:52+00:00,BroadleafCommerce/BroadleafCommerce,2013-11-12 10:56:44
broadleaf-custom-field-1.1.0-M1,/media/disk-2/aleborgne/DataSource/versions/BroadleafCommerce-versions/broadleaf-custom-field-1.1.0-M1,2429,2429,0,1,1,697442.0,2011-12-09 17:53:52+00:00,BroadleafCommerce/BroadleafCommerce,2013-11-20 12:40:46
broadleaf-3.0.6-GA,/media/disk-2/aleborgne/DataSource/versions/BroadleafCommerce-versions/broadleaf-3.0.6-GA,2430,2430,1,1,1,511294.0,2011-12-09 17:53:52+00:00,BroadleafCommerce/BroadleafCommerce,2013-11-26 10:42:20
broadleaf-3.1.0-M1,/media/disk-2/aleborgne/DataSource/versions/BroadleafCommerce-versions/broadleaf-3.1.0-M1,2431,2431,1,1,1,1743785.0,2011-12-09 17:53:52+00:00,BroadleafCommerce/BroadleafCommerce,2013-12-16 15:05:25
broadleaf-3.0.7-GA,/media/disk-2/aleborgne/DataSource/versions/BroadleafCommerce-versions/broadleaf-3.0.7-GA,2432,2432,1,1,1,1298279.0,2011-12-09 17:53:52+00:00,BroadleafCommerce/BroadleafCommerce,2013-12-31 15:43:24
broadleaf-3.0.8-GA,/media/disk-2/aleborgne/DataSource/versions/BroadleafCommerce-versions/broadleaf-3.0.8-GA,2433,2433,1,1,1,696645.0,2011-12-09 17:53:52+00:00,BroadleafCommerce/BroadleafCommerce,2014-01-08 17:14:09
broadleaf-3.1.0-M2,/media/disk-2/aleborgne/DataSource/versions/BroadleafCommerce-versions/broadleaf-3.1.0-M2,2434,2434,1,1,1,85316.0,2011-12-09 17:53:52+00:00,BroadleafCommerce/BroadleafCommerce,2014-01-09 16:56:05
broadleaf-3.1.0-GA,/media/disk-2/aleborgne/DataSource/versions/BroadleafCommerce-versions/broadleaf-3.1.0-GA,2435,2435,1,1,1,2532679.0,2011-12-09 17:53:52+00:00,BroadleafCommerce/BroadleafCommerce,2014-02-08 00:27:24
broadleaf-3.0.9-GA,/media/disk-2/aleborgne/DataSource/versions/BroadleafCommerce-versions/broadleaf-3.0.9-GA,2436,2436,1,1,1,61968.0,2011-12-09 17:53:52+00:00,BroadleafCommerce/BroadleafCommerce,2014-02-08 17:40:12
broadleaf-custom-field-1.1.0-GA,/media/disk-2/aleborgne/DataSource/versions/BroadleafCommerce-versions/broadleaf-custom-field-1.1.0-GA,2437,2437,0,1,1,234163.0,2011-12-09 17:53:52+00:00,BroadleafCommerce/BroadleafCommerce,2014-02-11 10:42:55
broadleaf-custom-field-1.1.1-GA,/media/disk-2/aleborgne/DataSource/versions/BroadleafCommerce-versions/broadleaf-custom-field-1.1.1-GA,2438,2438,0,1,1,19439.0,2011-12-09 17:53:52+00:00,BroadleafCommerce/BroadleafCommerce,2014-02-11 16:06:54
broadleaf-2.4.1-GA,/media/disk-2/aleborgne/DataSource/versions/BroadleafCommerce-versions/broadleaf-2.4.1-GA,2439,2439,1,1,1,774989.0,2011-12-09 17:53:52+00:00,BroadleafCommerce/BroadleafCommerce,2014-02-20 15:23:23
broadleaf-2.4.2-GA,/media/disk-2/aleborgne/DataSource/versions/BroadleafCommerce-versions/broadleaf-2.4.2-GA,2440,2440,1,1,1,72605.0,2011-12-09 17:53:52+00:00,BroadleafCommerce/BroadleafCommerce,2014-02-21 11:33:28
broadleaf-3.0.10-GA,/media/disk-2/aleborgne/DataSource/versions/BroadleafCommerce-versions/broadleaf-3.0.10-GA,2441,2441,1,1,1,1054968.0,2011-12-09 17:53:52+00:00,BroadleafCommerce/BroadleafCommerce,2014-03-05 16:36:16
broadleaf-3.1.0-M2-1,/media/disk-2/aleborgne/DataSource/versions/BroadleafCommerce-versions/broadleaf-3.1.0-M2-1,2442,2442,1,1,1,667640.0,2011-12-09 17:53:52+00:00,BroadleafCommerce/BroadleafCommerce,2014-03-13 10:03:36
broadleaf-3.1.1-GA,/media/disk-2/aleborgne/DataSource/versions/BroadleafCommerce-versions/broadleaf-3.1.1-GA,2443,2443,1,1,1,1916521.0,2011-12-09 17:53:52+00:00,BroadleafCommerce/BroadleafCommerce,2014-04-04 14:25:37
broadleaf-3.1.0-M2-2,/media/disk-2/aleborgne/DataSource/versions/BroadleafCommerce-versions/broadleaf-3.1.0-M2-2,2444,2444,1,1,1,1556611.0,2011-12-09 17:53:52+00:00,BroadleafCommerce/BroadleafCommerce,2014-04-22 14:49:08
broadleaf-3.1.2-GA,/media/disk-2/aleborgne/DataSource/versions/BroadleafCommerce-versions/broadleaf-3.1.2-GA,2445,2445,1,1,1,600998.0,2011-12-09 17:53:52+00:00,BroadleafCommerce/BroadleafCommerce,2014-04-29 13:45:46
broadleaf-3.1.0-M2-3,/media/disk-2/aleborgne/DataSource/versions/BroadleafCommerce-versions/broadleaf-3.1.0-M2-3,2446,2446,1,1,1,782859.0,2011-12-09 17:53:52+00:00,BroadleafCommerce/BroadleafCommerce,2014-05-08 15:13:25
broadleaf-3.1.0-M2-4,/media/disk-2/aleborgne/DataSource/versions/BroadleafCommerce-versions/broadleaf-3.1.0-M2-4,2447,2447,1,1,1,328496.0,2011-12-09 17:53:52+00:00,BroadleafCommerce/BroadleafCommerce,2014-05-12 10:28:21
broadleaf-3.1.0-M2-5,/media/disk-2/aleborgne/DataSource/versions/BroadleafCommerce-versions/broadleaf-3.1.0-M2-5,2448,2448,1,1,1,266792.0,2011-12-09 17:53:52+00:00,BroadleafCommerce/BroadleafCommerce,2014-05-15 12:34:53
broadleaf-3.1.0-M2-6,/media/disk-2/aleborgne/DataSource/versions/BroadleafCommerce-versions/broadleaf-3.1.0-M2-6,2449,2449,1,1,1,422806.0,2011-12-09 17:53:52+00:00,BroadleafCommerce/BroadleafCommerce,2014-05-20 10:01:39
broadleaf-3.1.0-M2-7,/media/disk-2/aleborgne/DataSource/versions/BroadleafCommerce-versions/broadleaf-3.1.0-M2-7,2450,2450,1,1,1,190965.0,2011-12-09 17:53:52+00:00,BroadleafCommerce/BroadleafCommerce,2014-05-22 15:04:24
broadleaf-3.2.0-M1-1,/media/disk-2/aleborgne/DataSource/versions/BroadleafCommerce-versions/broadleaf-3.2.0-M1-1,2451,2451,1,1,1,434567.0,2011-12-09 17:53:52+00:00,BroadleafCommerce/BroadleafCommerce,2014-05-27 15:47:11
broadleaf-3.0.11-GA,/media/disk-2/aleborgne/DataSource/versions/BroadleafCommerce-versions/broadleaf-3.0.11-GA,2452,2452,1,1,1,1155376.0,2011-12-09 17:53:52+00:00,BroadleafCommerce/BroadleafCommerce,2014-06-10 00:43:27
broadleaf-3.1.3-GA,/media/disk-2/aleborgne/DataSource/versions/BroadleafCommerce-versions/broadleaf-3.1.3-GA,2453,2453,1,1,1,2161.0,2011-12-09 17:53:52+00:00,BroadleafCommerce/BroadleafCommerce,2014-06-10 01:19:28
broadleaf-3.1.0-M2-8,/media/disk-2/aleborgne/DataSource/versions/BroadleafCommerce-versions/broadleaf-3.1.0-M2-8,2454,2454,1,1,1,1346196.0,2011-12-09 17:53:52+00:00,BroadleafCommerce/BroadleafCommerce,2014-06-25 15:16:04
broadleaf-3.0.12-GA,/media/disk-2/aleborgne/DataSource/versions/BroadleafCommerce-versions/broadleaf-3.0.12-GA,2455,2455,1,1,1,77269.0,2011-12-09 17:53:52+00:00,BroadleafCommerce/BroadleafCommerce,2014-06-26 12:43:53
broadleaf-3.1.4-GA,/media/disk-2/aleborgne/DataSource/versions/BroadleafCommerce-versions/broadleaf-3.1.4-GA,2456,2456,1,1,1,1630.0,2011-12-09 17:53:52+00:00,BroadleafCommerce/BroadleafCommerce,2014-06-26 13:11:03
broadleaf-3.1.5-GA,/media/disk-2/aleborgne/DataSource/versions/BroadleafCommerce-versions/broadleaf-3.1.5-GA,2457,2457,1,1,1,86440.0,2011-12-09 17:53:52+00:00,BroadleafCommerce/BroadleafCommerce,2014-06-27 13:11:43
broadleaf-3.1.0-M2-9,/media/disk-2/aleborgne/DataSource/versions/BroadleafCommerce-versions/broadleaf-3.1.0-M2-9,2458,2458,1,1,1,264894.0,2011-12-09 17:53:52+00:00,BroadleafCommerce/BroadleafCommerce,2014-06-30 14:46:37
broadleaf-3.1.6-GA,/media/disk-2/aleborgne/DataSource/versions/BroadleafCommerce-versions/broadleaf-3.1.6-GA,2459,2459,1,1,1,114727.0,2011-12-09 17:53:52+00:00,BroadleafCommerce/BroadleafCommerce,2014-07-01 22:38:44
broadleaf-3.1.7-GA,/media/disk-2/aleborgne/DataSource/versions/BroadleafCommerce-versions/broadleaf-3.1.7-GA,2460,2460,1,1,1,143023.0,2011-12-09 17:53:52+00:00,BroadleafCommerce/BroadleafCommerce,2014-07-03 14:22:27
broadleaf-3.1.0-M2-10,/media/disk-2/aleborgne/DataSource/versions/BroadleafCommerce-versions/broadleaf-3.1.0-M2-10,2461,2461,1,1,1,11.0,2011-12-09 17:53:52+00:00,BroadleafCommerce/BroadleafCommerce,2014-07-03 14:22:38
broadleaf-3.1.0-M2-11,/media/disk-2/aleborgne/DataSource/versions/BroadleafCommerce-versions/broadleaf-3.1.0-M2-11,2462,2462,1,1,1,335778.0,2011-12-09 17:53:52+00:00,BroadleafCommerce/BroadleafCommerce,2014-07-07 11:38:56
broadleaf-3.1.0-M2-12,/media/disk-2/aleborgne/DataSource/versions/BroadleafCommerce-versions/broadleaf-3.1.0-M2-12,2463,2463,1,1,1,17943.0,2011-12-09 17:53:52+00:00,BroadleafCommerce/BroadleafCommerce,2014-07-07 16:37:59
broadleaf-3.1.0-M2-13,/media/disk-2/aleborgne/DataSource/versions/BroadleafCommerce-versions/broadleaf-3.1.0-M2-13,2464,2464,1,1,1,332351.0,2011-12-09 17:53:52+00:00,BroadleafCommerce/BroadleafCommerce,2014-07-11 12:57:10
broadleaf-3.1.1-M1-6,/media/disk-2/aleborgne/DataSource/versions/BroadleafCommerce-versions/broadleaf-3.1.1-M1-6,2465,2465,1,1,1,1464705.0,2011-12-09 17:53:52+00:00,BroadleafCommerce/BroadleafCommerce,2014-07-28 11:48:55
broadleaf-3.1.0-M2-14,/media/disk-2/aleborgne/DataSource/versions/BroadleafCommerce-versions/broadleaf-3.1.0-M2-14,2466,2466,1,1,1,256441.0,2011-12-09 17:53:52+00:00,BroadleafCommerce/BroadleafCommerce,2014-07-31 11:02:56
broadleaf-3.0.13-GA,/media/disk-2/aleborgne/DataSource/versions/BroadleafCommerce-versions/broadleaf-3.0.13-GA,2467,2467,1,1,1,441818.0,2011-12-09 17:53:52+00:00,BroadleafCommerce/BroadleafCommerce,2014-08-05 13:46:34
broadleaf-3.1.8-GA,/media/disk-2/aleborgne/DataSource/versions/BroadleafCommerce-versions/broadleaf-3.1.8-GA,2468,2468,1,1,1,1550.0,2011-12-09 17:53:52+00:00,BroadleafCommerce/BroadleafCommerce,2014-08-05 14:12:24
broadleaf-3.1.0-M2-15,/media/disk-2/aleborgne/DataSource/versions/BroadleafCommerce-versions/broadleaf-3.1.0-M2-15,2469,2469,1,1,1,5709084.0,2011-12-09 17:53:52+00:00,BroadleafCommerce/BroadleafCommerce,2014-10-10 16:03:48
broadleaf-3.0.14-GA,/media/disk-2/aleborgne/DataSource/versions/BroadleafCommerce-versions/broadleaf-3.0.14-GA,2470,2470,1,1,1,3979201.0,2011-12-09 17:53:52+00:00,BroadleafCommerce/BroadleafCommerce,2014-11-25 17:23:49
broadleaf-3.1.9-GA,/media/disk-2/aleborgne/DataSource/versions/BroadleafCommerce-versions/broadleaf-3.1.9-GA,2471,2471,1,1,1,29049.0,2011-12-09 17:53:52+00:00,BroadleafCommerce/BroadleafCommerce,2014-11-26 01:27:58
broadleaf-3.0.15-GA,/media/disk-2/aleborgne/DataSource/versions/BroadleafCommerce-versions/broadleaf-3.0.15-GA,2472,2472,1,1,1,656107.0,2011-12-09 17:53:52+00:00,BroadleafCommerce/BroadleafCommerce,2014-12-03 15:43:05
broadleaf-3.1.10-GA,/media/disk-2/aleborgne/DataSource/versions/BroadleafCommerce-versions/broadleaf-3.1.10-GA,2473,2473,1,1,1,96060.0,2011-12-09 17:53:52+00:00,BroadleafCommerce/BroadleafCommerce,2014-12-04 18:24:05
broadleaf-3.1.11-GA,/media/disk-2/aleborgne/DataSource/versions/BroadleafCommerce-versions/broadleaf-3.1.11-GA,2474,2474,1,1,1,3642821.0,2011-12-09 17:53:52+00:00,BroadleafCommerce/BroadleafCommerce,2015-01-15 22:17:46
broadleaf-3.1.12-GA,/media/disk-2/aleborgne/DataSource/versions/BroadleafCommerce-versions/broadleaf-3.1.12-GA,2475,2475,1,1,1,1038917.0,2011-12-09 17:53:52+00:00,BroadleafCommerce/BroadleafCommerce,2015-01-27 22:53:03
broadleaf-4.0.0-BETA3,/media/disk-2/aleborgne/DataSource/versions/BroadleafCommerce-versions/broadleaf-4.0.0-BETA3,2476,2476,1,1,1,2402618.0,2011-12-09 17:53:52+00:00,BroadleafCommerce/BroadleafCommerce,2015-02-24 18:16:41
broadleaf-4.0.0-BETA4,/media/disk-2/aleborgne/DataSource/versions/BroadleafCommerce-versions/broadleaf-4.0.0-BETA4,2477,2477,1,1,1,251496.0,2011-12-09 17:53:52+00:00,BroadleafCommerce/BroadleafCommerce,2015-02-27 16:08:17
broadleaf-4.0.0-BETA5,/media/disk-2/aleborgne/DataSource/versions/BroadleafCommerce-versions/broadleaf-4.0.0-BETA5,2478,2478,1,1,1,426994.0,2011-12-09 17:53:52+00:00,BroadleafCommerce/BroadleafCommerce,2015-03-04 14:44:51
broadleaf-4.0.0-BETA6,/media/disk-2/aleborgne/DataSource/versions/BroadleafCommerce-versions/broadleaf-4.0.0-BETA6,2479,2479,1,1,1,37612.0,2011-12-09 17:53:52+00:00,BroadleafCommerce/BroadleafCommerce,2015-03-05 01:11:43
broadleaf-4.0.0-BETA7,/media/disk-2/aleborgne/DataSource/versions/BroadleafCommerce-versions/broadleaf-4.0.0-BETA7,2480,2480,1,1,1,634757.0,2011-12-09 17:53:52+00:00,BroadleafCommerce/BroadleafCommerce,2015-03-12 09:31:00
broadleaf-4.0.0-BETA8,/media/disk-2/aleborgne/DataSource/versions/BroadleafCommerce-versions/broadleaf-4.0.0-BETA8,2481,2481,1,1,1,523243.0,2011-12-09 17:53:52+00:00,BroadleafCommerce/BroadleafCommerce,2015-03-18 10:51:43
broadleaf-4.0.0-BETA9,/media/disk-2/aleborgne/DataSource/versions/BroadleafCommerce-versions/broadleaf-4.0.0-BETA9,2482,2482,1,1,1,697206.0,2011-12-09 17:53:52+00:00,BroadleafCommerce/BroadleafCommerce,2015-03-26 12:31:49
broadleaf-4.0.0-BETA10,/media/disk-2/aleborgne/DataSource/versions/BroadleafCommerce-versions/broadleaf-4.0.0-BETA10,2483,2483,1,1,1,359327.0,2011-12-09 17:53:52+00:00,BroadleafCommerce/BroadleafCommerce,2015-03-30 16:20:36
broadleaf-3.0.16-GA,/media/disk-2/aleborgne/DataSource/versions/BroadleafCommerce-versions/broadleaf-3.0.16-GA,2484,2484,1,1,1,67827.0,2011-12-09 17:53:52+00:00,BroadleafCommerce/BroadleafCommerce,2015-03-31 11:11:03
broadleaf-4.0.0-BETA11,/media/disk-2/aleborgne/DataSource/versions/BroadleafCommerce-versions/broadleaf-4.0.0-BETA11,2485,2485,1,1,1,2437.0,2011-12-09 17:53:52+00:00,BroadleafCommerce/BroadleafCommerce,2015-03-31 11:51:40
broadleaf-3.1.13-GA,/media/disk-2/aleborgne/DataSource/versions/BroadleafCommerce-versions/broadleaf-3.1.13-GA,2486,2486,1,1,1,9873.0,2011-12-09 17:53:52+00:00,BroadleafCommerce/BroadleafCommerce,2015-03-31 14:36:13
broadleaf-4.0.0-BETA12,/media/disk-2/aleborgne/DataSource/versions/BroadleafCommerce-versions/broadleaf-4.0.0-BETA12,2487,2487,1,1,1,1976.0,2011-12-09 17:53:52+00:00,BroadleafCommerce/BroadleafCommerce,2015-03-31 15:09:09
broadleaf-3.1.0-M2-16,/media/disk-2/aleborgne/DataSource/versions/BroadleafCommerce-versions/broadleaf-3.1.0-M2-16,2488,2488,1,1,1,99325.0,2011-12-09 17:53:52+00:00,BroadleafCommerce/BroadleafCommerce,2015-04-01 18:44:34
broadleaf-4.0.0-BETA13,/media/disk-2/aleborgne/DataSource/versions/BroadleafCommerce-versions/broadleaf-4.0.0-BETA13,2489,2489,1,1,1,666.0,2011-12-09 17:53:52+00:00,BroadleafCommerce/BroadleafCommerce,2015-04-01 18:55:40
broadleaf-2.3.0-M2-6,/media/disk-2/aleborgne/DataSource/versions/BroadleafCommerce-versions/broadleaf-2.3.0-M2-6,2490,2490,1,1,1,11463.0,2011-12-09 17:53:52+00:00,BroadleafCommerce/BroadleafCommerce,2015-04-01 22:06:43
broadleaf-4.0.0-BETA14,/media/disk-2/aleborgne/DataSource/versions/BroadleafCommerce-versions/broadleaf-4.0.0-BETA14,2491,2491,1,1,1,757951.0,2011-12-09 17:53:52+00:00,BroadleafCommerce/BroadleafCommerce,2015-04-10 16:39:14
broadleaf-4.0.0-BETA15,/media/disk-2/aleborgne/DataSource/versions/BroadleafCommerce-versions/broadleaf-4.0.0-BETA15,2492,2492,1,1,1,88012.0,2011-12-09 17:53:52+00:00,BroadleafCommerce/BroadleafCommerce,2015-04-11 17:06:06
broadleaf-4.0.0-RC1,/media/disk-2/aleborgne/DataSource/versions/BroadleafCommerce-versions/broadleaf-4.0.0-RC1,2493,2493,1,1,1,493480.0,2011-12-09 17:53:52+00:00,BroadleafCommerce/BroadleafCommerce,2015-04-17 10:10:46
broadleaf-3.2.0-M2,/media/disk-2/aleborgne/DataSource/versions/BroadleafCommerce-versions/broadleaf-3.2.0-M2,2494,2494,1,1,1,35608.0,2011-12-09 17:53:52+00:00,BroadleafCommerce/BroadleafCommerce,2015-04-17 20:04:14
broadleaf-4.0.0-RC2,/media/disk-2/aleborgne/DataSource/versions/BroadleafCommerce-versions/broadleaf-4.0.0-RC2,2495,2495,1,1,1,1486389.0,2011-12-09 17:53:52+00:00,BroadleafCommerce/BroadleafCommerce,2015-05-05 00:57:23
broadleaf-4.0.0-RC3,/media/disk-2/aleborgne/DataSource/versions/BroadleafCommerce-versions/broadleaf-4.0.0-RC3,2496,2496,1,1,1,606580.0,2011-12-09 17:53:52+00:00,BroadleafCommerce/BroadleafCommerce,2015-05-12 01:27:03
broadleaf-4.0.0-RC3.1,/media/disk-2/aleborgne/DataSource/versions/BroadleafCommerce-versions/broadleaf-4.0.0-RC3.1,2497,2497,1,1,1,56556.0,2011-12-09 17:53:52+00:00,BroadleafCommerce/BroadleafCommerce,2015-05-12 17:09:39
broadleaf-4.0.0-RC4,/media/disk-2/aleborgne/DataSource/versions/BroadleafCommerce-versions/broadleaf-4.0.0-RC4,2498,2498,1,1,1,254962.0,2011-12-09 17:53:52+00:00,BroadleafCommerce/BroadleafCommerce,2015-05-15 15:59:01
broadleaf-4.0.0-RC5,/media/disk-2/aleborgne/DataSource/versions/BroadleafCommerce-versions/broadleaf-4.0.0-RC5,2499,2499,1,1,1,423063.0,2011-12-09 17:53:52+00:00,BroadleafCommerce/BroadleafCommerce,2015-05-20 13:30:04
broadleaf-4.0.0-RC5.1,/media/disk-2/aleborgne/DataSource/versions/BroadleafCommerce-versions/broadleaf-4.0.0-RC5.1,2500,2500,1,1,1,83138.0,2011-12-09 17:53:52+00:00,BroadleafCommerce/BroadleafCommerce,2015-05-21 12:35:42
broadleaf-4.0.0-RC6,/media/disk-2/aleborgne/DataSource/versions/BroadleafCommerce-versions/broadleaf-4.0.0-RC6,2501,2501,1,1,1,96694.0,2011-12-09 17:53:52+00:00,BroadleafCommerce/BroadleafCommerce,2015-05-22 15:27:16
broadleaf-4.0.0-RC7,/media/disk-2/aleborgne/DataSource/versions/BroadleafCommerce-versions/broadleaf-4.0.0-RC7,2502,2502,1,1,1,330092.0,2011-12-09 17:53:52+00:00,BroadleafCommerce/BroadleafCommerce,2015-05-26 11:08:48
broadleaf-4.0.0-RC8,/media/disk-2/aleborgne/DataSource/versions/BroadleafCommerce-versions/broadleaf-4.0.0-RC8,2503,2503,1,1,1,13964.0,2011-12-09 17:53:52+00:00,BroadleafCommerce/BroadleafCommerce,2015-05-26 15:01:32
broadleaf-4.0.0-GA,/media/disk-2/aleborgne/DataSource/versions/BroadleafCommerce-versions/broadleaf-4.0.0-GA,2504,2504,1,1,1,107733.0,2011-12-09 17:53:52+00:00,BroadleafCommerce/BroadleafCommerce,2015-05-27 20:57:05
broadleaf-4.0.0-PATCH1,/media/disk-2/aleborgne/DataSource/versions/BroadleafCommerce-versions/broadleaf-4.0.0-PATCH1,2505,2505,1,1,1,1956131.0,2011-12-09 17:53:52+00:00,BroadleafCommerce/BroadleafCommerce,2015-06-19 12:19:16
broadleaf-4.0.0-PATCHSOLR1,/media/disk-2/aleborgne/DataSource/versions/BroadleafCommerce-versions/broadleaf-4.0.0-PATCHSOLR1,2506,2506,1,1,1,606336.0,2011-12-09 17:53:52+00:00,BroadleafCommerce/BroadleafCommerce,2015-06-26 12:44:52
broadleaf-4.0.1-GA,/media/disk-2/aleborgne/DataSource/versions/BroadleafCommerce-versions/broadleaf-4.0.1-GA,2507,2507,1,1,1,529625.0,2011-12-09 17:53:52+00:00,BroadleafCommerce/BroadleafCommerce,2015-07-02 15:51:57
broadleaf-4.0.1-PATCH1,/media/disk-2/aleborgne/DataSource/versions/BroadleafCommerce-versions/broadleaf-4.0.1-PATCH1,2508,2508,1,1,1,965279.0,2011-12-09 17:53:52+00:00,BroadleafCommerce/BroadleafCommerce,2015-07-13 19:59:56
broadleaf-4.0.1-PATCH2,/media/disk-2/aleborgne/DataSource/versions/BroadleafCommerce-versions/broadleaf-4.0.1-PATCH2,2509,2509,1,1,1,95278.0,2011-12-09 17:53:52+00:00,BroadleafCommerce/BroadleafCommerce,2015-07-14 22:27:54
broadleaf-4.0.0-CLIENT1-1,/media/disk-2/aleborgne/DataSource/versions/BroadleafCommerce-versions/broadleaf-4.0.0-CLIENT1-1,2510,2510,1,1,1,670099.0,2011-12-09 17:53:52+00:00,BroadleafCommerce/BroadleafCommerce,2015-07-22 16:36:13
broadleaf-4.0.0-CLIENT2-1,/media/disk-2/aleborgne/DataSource/versions/BroadleafCommerce-versions/broadleaf-4.0.0-CLIENT2-1,2511,2511,1,1,1,87381.0,2011-12-09 17:53:52+00:00,BroadleafCommerce/BroadleafCommerce,2015-07-23 16:52:34
broadleaf-4.0.0-CLIENT3-1,/media/disk-2/aleborgne/DataSource/versions/BroadleafCommerce-versions/broadleaf-4.0.0-CLIENT3-1,2512,2512,1,1,1,81988.0,2011-12-09 17:53:52+00:00,BroadleafCommerce/BroadleafCommerce,2015-07-24 15:39:02
broadleaf-4.0.2-GA,/media/disk-2/aleborgne/DataSource/versions/BroadleafCommerce-versions/broadleaf-4.0.2-GA,2513,2513,1,1,1,586371.0,2011-12-09 17:53:52+00:00,BroadleafCommerce/BroadleafCommerce,2015-07-31 10:31:53
broadleaf-4.0.3-GA,/media/disk-2/aleborgne/DataSource/versions/BroadleafCommerce-versions/broadleaf-4.0.3-GA,2514,2514,1,1,1,388685.0,2011-12-09 17:53:52+00:00,BroadleafCommerce/BroadleafCommerce,2015-08-04 22:29:58
broadleaf-4.0.4-GA,/media/disk-2/aleborgne/DataSource/versions/BroadleafCommerce-versions/broadleaf-4.0.4-GA,2515,2515,1,1,1,3175901.0,2011-12-09 17:53:52+00:00,BroadleafCommerce/BroadleafCommerce,2015-09-10 16:41:39
broadleaf-3.1.14-GA,/media/disk-2/aleborgne/DataSource/versions/BroadleafCommerce-versions/broadleaf-3.1.14-GA,2516,2516,1,1,1,320951.0,2011-12-09 17:53:52+00:00,BroadleafCommerce/BroadleafCommerce,2015-09-14 09:50:50
broadleaf-4.0.5-BETA1,/media/disk-2/aleborgne/DataSource/versions/BroadleafCommerce-versions/broadleaf-4.0.5-BETA1,2517,2517,1,1,1,1574671.0,2011-12-09 17:53:52+00:00,BroadleafCommerce/BroadleafCommerce,2015-10-02 15:15:21
broadleaf-4.0.5-GA,/media/disk-2/aleborgne/DataSource/versions/BroadleafCommerce-versions/broadleaf-4.0.5-GA,2518,2518,1,1,1,848202.0,2011-12-09 17:53:52+00:00,BroadleafCommerce/BroadleafCommerce,2015-10-12 10:52:03
broadleaf-4.0.6-GA,/media/disk-2/aleborgne/DataSource/versions/BroadleafCommerce-versions/broadleaf-4.0.6-GA,2519,2519,1,1,1,3195363.0,2011-12-09 17:53:52+00:00,BroadleafCommerce/BroadleafCommerce,2015-11-18 10:28:06
broadleaf-4.0.7-GA,/media/disk-2/aleborgne/DataSource/versions/BroadleafCommerce-versions/broadleaf-4.0.7-GA,2520,2520,1,1,1,5374803.0,2011-12-09 17:53:52+00:00,BroadleafCommerce/BroadleafCommerce,2016-01-19 15:28:09
broadleaf-4.0.8-GA,/media/disk-2/aleborgne/DataSource/versions/BroadleafCommerce-versions/broadleaf-4.0.8-GA,2521,2521,1,1,1,846264.0,2011-12-09 17:53:52+00:00,BroadleafCommerce/BroadleafCommerce,2016-01-29 10:32:33
broadleaf-5.0.0-M1,/media/disk-2/aleborgne/DataSource/versions/BroadleafCommerce-versions/broadleaf-5.0.0-M1,2522,2522,1,1,1,1120610.0,2011-12-09 17:53:52+00:00,BroadleafCommerce/BroadleafCommerce,2016-02-11 09:49:23
broadleaf-5.0.0-M3,/media/disk-2/aleborgne/DataSource/versions/BroadleafCommerce-versions/broadleaf-5.0.0-M3,2523,2523,1,1,1,546453.0,2011-12-09 17:53:52+00:00,BroadleafCommerce/BroadleafCommerce,2016-02-17 17:36:56
broadleaf-4.0.9-GA,/media/disk-2/aleborgne/DataSource/versions/BroadleafCommerce-versions/broadleaf-4.0.9-GA,2524,2524,1,1,1,1320318.0,2011-12-09 17:53:52+00:00,BroadleafCommerce/BroadleafCommerce,2016-03-04 00:22:14
broadleaf-3.1.15-GA,/media/disk-2/aleborgne/DataSource/versions/BroadleafCommerce-versions/broadleaf-3.1.15-GA,2525,2525,1,1,1,561276.0,2011-12-09 17:53:52+00:00,BroadleafCommerce/BroadleafCommerce,2016-03-10 12:16:50
broadleaf-5.0.0-M4,/media/disk-2/aleborgne/DataSource/versions/BroadleafCommerce-versions/broadleaf-5.0.0-M4,2526,2526,1,1,1,82373.0,2011-12-09 17:53:52+00:00,BroadleafCommerce/BroadleafCommerce,2016-03-11 11:09:43
broadleaf-5.0.0-RC1,/media/disk-2/aleborgne/DataSource/versions/BroadleafCommerce-versions/broadleaf-5.0.0-RC1,2527,2527,1,1,1,2705250.0,2011-12-09 17:53:52+00:00,BroadleafCommerce/BroadleafCommerce,2016-04-11 18:37:13
broadleaf-5.0.0-RC2,/media/disk-2/aleborgne/DataSource/versions/BroadleafCommerce-versions/broadleaf-5.0.0-RC2,2528,2528,1,1,1,1463760.0,2011-12-09 17:53:52+00:00,BroadleafCommerce/BroadleafCommerce,2016-04-28 17:13:13
broadleaf-4.0.10-GA,/media/disk-2/aleborgne/DataSource/versions/BroadleafCommerce-versions/broadleaf-4.0.10-GA,2529,2529,1,1,1,594315.0,2011-12-09 17:53:52+00:00,BroadleafCommerce/BroadleafCommerce,2016-05-05 14:18:28
broadleaf-5.0.0-GA,/media/disk-2/aleborgne/DataSource/versions/BroadleafCommerce-versions/broadleaf-5.0.0-GA,2530,2530,1,1,1,956134.0,2011-12-09 17:53:52+00:00,BroadleafCommerce/BroadleafCommerce,2016-05-16 15:54:02
broadleaf-5.0.1-GA,/media/disk-2/aleborgne/DataSource/versions/BroadleafCommerce-versions/broadleaf-5.0.1-GA,2531,2531,1,1,1,862770.0,2011-12-09 17:53:52+00:00,BroadleafCommerce/BroadleafCommerce,2016-05-26 15:33:32
broadleaf-4.0.11-GA,/media/disk-2/aleborgne/DataSource/versions/BroadleafCommerce-versions/broadleaf-4.0.11-GA,2532,2532,1,1,1,1903347.0,2011-12-09 17:53:52+00:00,BroadleafCommerce/BroadleafCommerce,2016-06-17 16:15:59
broadleaf-4.0.12-GA,/media/disk-2/aleborgne/DataSource/versions/BroadleafCommerce-versions/broadleaf-4.0.12-GA,2533,2533,1,1,1,1645034.0,2011-12-09 17:53:52+00:00,BroadleafCommerce/BroadleafCommerce,2016-07-06 17:13:13
broadleaf-5.0.2-GA,/media/disk-2/aleborgne/DataSource/versions/BroadleafCommerce-versions/broadleaf-5.0.2-GA,2534,2534,1,1,1,194814.0,2011-12-09 17:53:52+00:00,BroadleafCommerce/BroadleafCommerce,2016-07-08 23:20:07
broadleaf-5.0.3-GA,/media/disk-2/aleborgne/DataSource/versions/BroadleafCommerce-versions/broadleaf-5.0.3-GA,2535,2535,1,1,1,3971832.0,2011-12-09 17:53:52+00:00,BroadleafCommerce/BroadleafCommerce,2016-08-23 22:37:19
broadleaf-4.1.0-GA,/media/disk-2/aleborgne/DataSource/versions/BroadleafCommerce-versions/broadleaf-4.1.0-GA,2536,2536,1,1,1,1172877.0,2011-12-09 17:53:52+00:00,BroadleafCommerce/BroadleafCommerce,2016-09-06 12:25:16
broadleaf-4.0.13-GA,/media/disk-2/aleborgne/DataSource/versions/BroadleafCommerce-versions/broadleaf-4.0.13-GA,2537,2537,1,1,1,264393.0,2011-12-09 17:53:52+00:00,BroadleafCommerce/BroadleafCommerce,2016-09-09 13:51:49
broadleaf-4.0.14-GA,/media/disk-2/aleborgne/DataSource/versions/BroadleafCommerce-versions/broadleaf-4.0.14-GA,2538,2538,1,1,1,2675999.0,2011-12-09 17:53:52+00:00,BroadleafCommerce/BroadleafCommerce,2016-10-10 13:11:48
broadleaf-5.0.4-GA,/media/disk-2/aleborgne/DataSource/versions/BroadleafCommerce-versions/broadleaf-5.0.4-GA,2539,2539,1,1,1,199386.0,2011-12-09 17:53:52+00:00,BroadleafCommerce/BroadleafCommerce,2016-10-12 20:34:54
broadleaf-4.1.1-GA,/media/disk-2/aleborgne/DataSource/versions/BroadleafCommerce-versions/broadleaf-4.1.1-GA,2540,2540,1,1,1,2319281.0,2011-12-09 17:53:52+00:00,BroadleafCommerce/BroadleafCommerce,2016-11-08 16:49:35
M2RELEASE-TAG-NaN,/media/disk-2/aleborgne/DataSource/versions/BroadleafCommerce-versions/M2RELEASE-TAG-NaN,2541,2541,1,1,1,662922.0,2011-12-09 17:53:52+00:00,BroadleafCommerce/BroadleafCommerce,2016-11-16 08:58:17
broadleaf-5.0.5-GA,/media/disk-2/aleborgne/DataSource/versions/BroadleafCommerce-versions/broadleaf-5.0.5-GA,2542,2542,1,1,1,642270.0,2011-12-09 17:53:52+00:00,BroadleafCommerce/BroadleafCommerce,2016-11-23 19:22:47
broadleaf-4.1.2-GA,/media/disk-2/aleborgne/DataSource/versions/BroadleafCommerce-versions/broadleaf-4.1.2-GA,2543,2543,1,1,1,688451.0,2011-12-09 17:53:52+00:00,BroadleafCommerce/BroadleafCommerce,2016-12-01 18:36:58
broadleaf-5.0.6-GA,/media/disk-2/aleborgne/DataSource/versions/BroadleafCommerce-versions/broadleaf-5.0.6-GA,2544,2544,1,1,1,492794.0,2011-12-09 17:53:52+00:00,BroadleafCommerce/BroadleafCommerce,2016-12-07 11:30:12
broadleaf-4.0.15-GA,/media/disk-2/aleborgne/DataSource/versions/BroadleafCommerce-versions/broadleaf-4.0.15-GA,2545,2545,1,1,1,371709.0,2011-12-09 17:53:52+00:00,BroadleafCommerce/BroadleafCommerce,2016-12-11 18:45:21
broadleaf-5.1.0-GA,/media/disk-2/aleborgne/DataSource/versions/BroadleafCommerce-versions/broadleaf-5.1.0-GA,2546,2546,1,1,1,358137.0,2011-12-09 17:53:52+00:00,BroadleafCommerce/BroadleafCommerce,2016-12-15 22:14:18
broadleaf-4.0.16-GA,/media/disk-2/aleborgne/DataSource/versions/BroadleafCommerce-versions/broadleaf-4.0.16-GA,2547,2547,1,1,1,44605.0,2011-12-09 17:53:52+00:00,BroadleafCommerce/BroadleafCommerce,2016-12-16 10:37:43
broadleaf-4.1.3-GA,/media/disk-2/aleborgne/DataSource/versions/BroadleafCommerce-versions/broadleaf-4.1.3-GA,2548,2548,1,1,1,2706133.0,2011-12-09 17:53:52+00:00,BroadleafCommerce/BroadleafCommerce,2017-01-16 18:19:56
broadleaf-4.0.17-GA,/media/disk-2/aleborgne/DataSource/versions/BroadleafCommerce-versions/broadleaf-4.0.17-GA,2549,2549,1,1,1,612109.0,2011-12-09 17:53:52+00:00,BroadleafCommerce/BroadleafCommerce,2017-01-23 20:21:45
broadleaf-4.0.18-GA,/media/disk-2/aleborgne/DataSource/versions/BroadleafCommerce-versions/broadleaf-4.0.18-GA,2550,2550,1,1,1,316967.0,2011-12-09 17:53:52+00:00,BroadleafCommerce/BroadleafCommerce,2017-01-27 12:24:32
broadleaf-4.1.4-GA,/media/disk-2/aleborgne/DataSource/versions/BroadleafCommerce-versions/broadleaf-4.1.4-GA,2551,2551,1,1,1,330707.0,2011-12-09 17:53:52+00:00,BroadleafCommerce/BroadleafCommerce,2017-01-31 08:16:19
broadleaf-5.0.7-GA,/media/disk-2/aleborgne/DataSource/versions/BroadleafCommerce-versions/broadleaf-5.0.7-GA,2552,2552,1,1,1,1158346.0,2011-12-09 17:53:52+00:00,BroadleafCommerce/BroadleafCommerce,2017-02-13 18:02:05
broadleaf-5.1.1-GA,/media/disk-2/aleborgne/DataSource/versions/BroadleafCommerce-versions/broadleaf-5.1.1-GA,2553,2553,1,1,1,325656.0,2011-12-09 17:53:52+00:00,BroadleafCommerce/BroadleafCommerce,2017-02-17 12:29:41
broadleaf-5.0.8-GA,/media/disk-2/aleborgne/DataSource/versions/BroadleafCommerce-versions/broadleaf-5.0.8-GA,2554,2554,1,1,1,73193.0,2011-12-09 17:53:52+00:00,BroadleafCommerce/BroadleafCommerce,2017-02-18 08:49:34
broadleaf-4.1.5-GA,/media/disk-2/aleborgne/DataSource/versions/BroadleafCommerce-versions/broadleaf-4.1.5-GA,2555,2555,1,1,1,968053.0,2011-12-09 17:53:52+00:00,BroadleafCommerce/BroadleafCommerce,2017-03-01 13:43:47
broadleaf-5.2.0-M1,/media/disk-2/aleborgne/DataSource/versions/BroadleafCommerce-versions/broadleaf-5.2.0-M1,2556,2556,1,1,1,32821.0,2011-12-09 17:53:52+00:00,BroadleafCommerce/BroadleafCommerce,2017-03-01 22:50:48
broadleaf-5.1.2-GA,/media/disk-2/aleborgne/DataSource/versions/BroadleafCommerce-versions/broadleaf-5.1.2-GA,2557,2557,1,1,1,3077132.0,2011-12-09 17:53:52+00:00,BroadleafCommerce/BroadleafCommerce,2017-04-06 13:36:20
broadleaf-5.2.0-M2,/media/disk-2/aleborgne/DataSource/versions/BroadleafCommerce-versions/broadleaf-5.2.0-M2,2558,2558,1,1,1,68192.0,2011-12-09 17:53:52+00:00,BroadleafCommerce/BroadleafCommerce,2017-04-07 08:32:52
broadleaf-4.0.19-GA,/media/disk-2/aleborgne/DataSource/versions/BroadleafCommerce-versions/broadleaf-4.0.19-GA,2559,2559,1,1,1,372434.0,2011-12-09 17:53:52+00:00,BroadleafCommerce/BroadleafCommerce,2017-04-11 16:00:06
broadleaf-4.0.20-GA,/media/disk-2/aleborgne/DataSource/versions/BroadleafCommerce-versions/broadleaf-4.0.20-GA,2560,2560,1,1,1,1297492.0,2011-12-09 17:53:52+00:00,BroadleafCommerce/BroadleafCommerce,2017-04-26 16:24:58
broadleaf-4.0.21-PERF1,/media/disk-2/aleborgne/DataSource/versions/BroadleafCommerce-versions/broadleaf-4.0.21-PERF1,2561,2561,1,1,1,520303.0,2011-12-09 17:53:52+00:00,BroadleafCommerce/BroadleafCommerce,2017-05-02 16:56:41
broadleaf-5.0.9-GA,/media/disk-2/aleborgne/DataSource/versions/BroadleafCommerce-versions/broadleaf-5.0.9-GA,2562,2562,1,1,1,175845.0,2011-12-09 17:53:52+00:00,BroadleafCommerce/BroadleafCommerce,2017-05-04 17:47:26
broadleaf-4.0.21-PERF2,/media/disk-2/aleborgne/DataSource/versions/BroadleafCommerce-versions/broadleaf-4.0.21-PERF2,2563,2563,1,1,1,167916.0,2011-12-09 17:53:52+00:00,BroadleafCommerce/BroadleafCommerce,2017-05-06 16:26:02
broadleaf-4.0.21-PERF3,/media/disk-2/aleborgne/DataSource/versions/BroadleafCommerce-versions/broadleaf-4.0.21-PERF3,2564,2564,1,1,1,426905.0,2011-12-09 17:53:52+00:00,BroadleafCommerce/BroadleafCommerce,2017-05-11 15:01:07
broadleaf-3.0.0-GA-ETS-SPRING-4-M1,/media/disk-2/aleborgne/DataSource/versions/BroadleafCommerce-versions/broadleaf-3.0.0-GA-ETS-SPRING-4-M1,2565,2565,1,1,1,159091.0,2011-12-09 17:53:52+00:00,BroadleafCommerce/BroadleafCommerce,2017-05-13 11:12:38
broadleaf-5.2.0-RC1,/media/disk-2/aleborgne/DataSource/versions/BroadleafCommerce-versions/broadleaf-5.2.0-RC1,2566,2566,1,1,1,215503.0,2011-12-09 17:53:52+00:00,BroadleafCommerce/BroadleafCommerce,2017-05-15 23:04:21
broadleaf-5.0.10-GA,/media/disk-2/aleborgne/DataSource/versions/BroadleafCommerce-versions/broadleaf-5.0.10-GA,2567,2567,1,1,1,639120.0,2011-12-09 17:53:52+00:00,BroadleafCommerce/BroadleafCommerce,2017-05-23 08:36:21
broadleaf-4.0.21-PERF4,/media/disk-2/aleborgne/DataSource/versions/BroadleafCommerce-versions/broadleaf-4.0.21-PERF4,2568,2568,1,1,1,823755.0,2011-12-09 17:53:52+00:00,BroadleafCommerce/BroadleafCommerce,2017-06-01 21:25:36
broadleaf-5.1.3-GA,/media/disk-2/aleborgne/DataSource/versions/BroadleafCommerce-versions/broadleaf-5.1.3-GA,2569,2569,1,1,1,41804.0,2011-12-09 17:53:52+00:00,BroadleafCommerce/BroadleafCommerce,2017-06-02 09:02:20
broadleaf-4.0.21-PERF5,/media/disk-2/aleborgne/DataSource/versions/BroadleafCommerce-versions/broadleaf-4.0.21-PERF5,2570,2570,1,1,1,391085.0,2011-12-09 17:53:52+00:00,BroadleafCommerce/BroadleafCommerce,2017-06-06 21:40:25
broadleaf-4.0.21-PERF6,/media/disk-2/aleborgne/DataSource/versions/BroadleafCommerce-versions/broadleaf-4.0.21-PERF6,2571,2571,1,1,1,3590.0,2011-12-09 17:53:52+00:00,BroadleafCommerce/BroadleafCommerce,2017-06-06 22:40:15
broadleaf-4.0.21-PERF7,/media/disk-2/aleborgne/DataSource/versions/BroadleafCommerce-versions/broadleaf-4.0.21-PERF7,2572,2572,1,1,1,5653.0,2011-12-09 17:53:52+00:00,BroadleafCommerce/BroadleafCommerce,2017-06-07 00:14:28
broadleaf-5.2.0-RC2,/media/disk-2/aleborgne/DataSource/versions/BroadleafCommerce-versions/broadleaf-5.2.0-RC2,2573,2573,1,1,1,786005.0,2011-12-09 17:53:52+00:00,BroadleafCommerce/BroadleafCommerce,2017-06-16 02:34:33
broadleaf-5.1.4-PERF1,/media/disk-2/aleborgne/DataSource/versions/BroadleafCommerce-versions/broadleaf-5.1.4-PERF1,2574,2574,1,1,1,476282.0,2011-12-09 17:53:52+00:00,BroadleafCommerce/BroadleafCommerce,2017-06-21 14:52:35
broadleaf-5.1.4-PERF2,/media/disk-2/aleborgne/DataSource/versions/BroadleafCommerce-versions/broadleaf-5.1.4-PERF2,2575,2575,1,1,1,89175.0,2011-12-09 17:53:52+00:00,BroadleafCommerce/BroadleafCommerce,2017-06-22 15:38:50
broadleaf-5.0.10.1-GA,/media/disk-2/aleborgne/DataSource/versions/BroadleafCommerce-versions/broadleaf-5.0.10.1-GA,2576,2576,1,1,1,689775.0,2011-12-09 17:53:52+00:00,BroadleafCommerce/BroadleafCommerce,2017-06-30 15:15:05
broadleaf-4.0.21-GA,/media/disk-2/aleborgne/DataSource/versions/BroadleafCommerce-versions/broadleaf-4.0.21-GA,2577,2577,1,1,1,422323.0,2011-12-09 17:53:52+00:00,BroadleafCommerce/BroadleafCommerce,2017-07-05 12:33:48
broadleaf-5.0.11-GA,/media/disk-2/aleborgne/DataSource/versions/BroadleafCommerce-versions/broadleaf-5.0.11-GA,2578,2578,1,1,1,89259.0,2011-12-09 17:53:52+00:00,BroadleafCommerce/BroadleafCommerce,2017-07-06 13:21:27
broadleaf-5.1.4-GA,/media/disk-2/aleborgne/DataSource/versions/BroadleafCommerce-versions/broadleaf-5.1.4-GA,2579,2579,1,1,1,10857.0,2011-12-09 17:53:52+00:00,BroadleafCommerce/BroadleafCommerce,2017-07-06 16:22:24
broadleaf-5.2.0-GA,/media/disk-2/aleborgne/DataSource/versions/BroadleafCommerce-versions/broadleaf-5.2.0-GA,2580,2580,1,1,1,70740.0,2011-12-09 17:53:52+00:00,BroadleafCommerce/BroadleafCommerce,2017-07-07 12:01:24
broadleaf-5.0.10.2-GA,/media/disk-2/aleborgne/DataSource/versions/BroadleafCommerce-versions/broadleaf-5.0.10.2-GA,2581,2581,1,1,1,341205.0,2011-12-09 17:53:52+00:00,BroadleafCommerce/BroadleafCommerce,2017-07-11 10:48:09
broadleaf-5.0.10.3-GA,/media/disk-2/aleborgne/DataSource/versions/BroadleafCommerce-versions/broadleaf-5.0.10.3-GA,2582,2582,1,1,1,698188.0,2011-12-09 17:53:52+00:00,BroadleafCommerce/BroadleafCommerce,2017-07-19 12:44:37
broadleaf-4.0.22-PERF1,/media/disk-2/aleborgne/DataSource/versions/BroadleafCommerce-versions/broadleaf-4.0.22-PERF1,2583,2583,1,1,1,6231.0,2011-12-09 17:53:52+00:00,BroadleafCommerce/BroadleafCommerce,2017-07-19 14:28:28
broadleaf-4.0.22-PERF2,/media/disk-2/aleborgne/DataSource/versions/BroadleafCommerce-versions/broadleaf-4.0.22-PERF2,2584,2584,1,1,1,159186.0,2011-12-09 17:53:52+00:00,BroadleafCommerce/BroadleafCommerce,2017-07-21 10:41:34
broadleaf-4.0.22-PERF3,/media/disk-2/aleborgne/DataSource/versions/BroadleafCommerce-versions/broadleaf-4.0.22-PERF3,2585,2585,1,1,1,100176.0,2011-12-09 17:53:52+00:00,BroadleafCommerce/BroadleafCommerce,2017-07-22 14:31:10
broadleaf-4.0.22-PERF4,/media/disk-2/aleborgne/DataSource/versions/BroadleafCommerce-versions/broadleaf-4.0.22-PERF4,2586,2586,1,1,1,91630.0,2011-12-09 17:53:52+00:00,BroadleafCommerce/BroadleafCommerce,2017-07-23 15:58:20
broadleaf-4.0.22-PERF5,/media/disk-2/aleborgne/DataSource/versions/BroadleafCommerce-versions/broadleaf-4.0.22-PERF5,2587,2587,1,1,1,423598.0,2011-12-09 17:53:52+00:00,BroadleafCommerce/BroadleafCommerce,2017-07-28 13:38:18
broadleaf-4.0.22-GA,/media/disk-2/aleborgne/DataSource/versions/BroadleafCommerce-versions/broadleaf-4.0.22-GA,2588,2588,1,1,1,1466217.0,2011-12-09 17:53:52+00:00,BroadleafCommerce/BroadleafCommerce,2017-08-14 12:55:15
broadleaf-5.0.12-GA,/media/disk-2/aleborgne/DataSource/versions/BroadleafCommerce-versions/broadleaf-5.0.12-GA,2589,2589,1,1,1,1224246.0,2011-12-09 17:53:52+00:00,BroadleafCommerce/BroadleafCommerce,2017-08-28 16:59:21
broadleaf-5.1.5-GA,/media/disk-2/aleborgne/DataSource/versions/BroadleafCommerce-versions/broadleaf-5.1.5-GA,2590,2590,1,1,1,112815.0,2011-12-09 17:53:52+00:00,BroadleafCommerce/BroadleafCommerce,2017-08-30 00:19:36
broadleaf-5.2.1-GA,/media/disk-2/aleborgne/DataSource/versions/BroadleafCommerce-versions/broadleaf-5.2.1-GA,2591,2591,1,1,1,1098064.0,2011-12-09 17:53:52+00:00,BroadleafCommerce/BroadleafCommerce,2017-09-11 17:20:40
broadleaf-5.1.6-GA,/media/disk-2/aleborgne/DataSource/versions/BroadleafCommerce-versions/broadleaf-5.1.6-GA,2592,2592,1,1,1,165453.0,2011-12-09 17:53:52+00:00,BroadleafCommerce/BroadleafCommerce,2017-09-13 15:18:13
broadleaf-5.2.2-GA,/media/disk-2/aleborgne/DataSource/versions/BroadleafCommerce-versions/broadleaf-5.2.2-GA,2593,2593,1,1,1,107945.0,2011-12-09 17:53:52+00:00,BroadleafCommerce/BroadleafCommerce,2017-09-14 21:17:18
broadleaf-5.2.3-M1,/media/disk-2/aleborgne/DataSource/versions/BroadleafCommerce-versions/broadleaf-5.2.3-M1,2594,2594,1,1,1,2723390.0,2011-12-09 17:53:52+00:00,BroadleafCommerce/BroadleafCommerce,2017-10-16 09:47:08
broadleaf-5.3.0-M1,/media/disk-2/aleborgne/DataSource/versions/BroadleafCommerce-versions/broadleaf-5.3.0-M1,2595,2595,1,1,1,696545.0,2011-12-09 17:53:52+00:00,BroadleafCommerce/BroadleafCommerce,2017-10-24 11:16:13
broadleaf-4.0.23-GA,/media/disk-2/aleborgne/DataSource/versions/BroadleafCommerce-versions/broadleaf-4.0.23-GA,2596,2596,1,1,1,89844.0,2011-12-09 17:53:52+00:00,BroadleafCommerce/BroadleafCommerce,2017-10-25 12:13:37
broadleaf-5.0.13-GA,/media/disk-2/aleborgne/DataSource/versions/BroadleafCommerce-versions/broadleaf-5.0.13-GA,2597,2597,1,1,1,354130.0,2011-12-09 17:53:52+00:00,BroadleafCommerce/BroadleafCommerce,2017-10-29 14:35:47
broadleaf-5.3.0-M2,/media/disk-2/aleborgne/DataSource/versions/BroadleafCommerce-versions/broadleaf-5.3.0-M2,2598,2598,1,1,1,775458.0,2011-12-09 17:53:52+00:00,BroadleafCommerce/BroadleafCommerce,2017-11-07 14:00:05
broadleaf-5.1.7-GA,/media/disk-2/aleborgne/DataSource/versions/BroadleafCommerce-versions/broadleaf-5.1.7-GA,2599,2599,1,1,1,690951.0,2011-12-09 17:53:52+00:00,BroadleafCommerce/BroadleafCommerce,2017-11-15 13:55:56
broadleaf-5.1.8-GA,/media/disk-2/aleborgne/DataSource/versions/BroadleafCommerce-versions/broadleaf-5.1.8-GA,2600,2600,1,1,1,1208091.0,2011-12-09 17:53:52+00:00,BroadleafCommerce/BroadleafCommerce,2017-11-29 13:30:47
broadleaf-5.2.3-M2,/media/disk-2/aleborgne/DataSource/versions/BroadleafCommerce-versions/broadleaf-5.2.3-M2,2601,2601,1,1,1,344162.0,2011-12-09 17:53:52+00:00,BroadleafCommerce/BroadleafCommerce,2017-12-03 13:06:49
broadleaf-5.2.3-M3,/media/disk-2/aleborgne/DataSource/versions/BroadleafCommerce-versions/broadleaf-5.2.3-M3,2602,2602,1,1,1,678618.0,2011-12-09 17:53:52+00:00,BroadleafCommerce/BroadleafCommerce,2017-12-11 09:37:07
broadleaf-5.2.3-M4,/media/disk-2/aleborgne/DataSource/versions/BroadleafCommerce-versions/broadleaf-5.2.3-M4,2603,2603,1,1,1,19486.0,2011-12-09 17:53:52+00:00,BroadleafCommerce/BroadleafCommerce,2017-12-11 15:01:53
broadleaf-5.2.3-M5,/media/disk-2/aleborgne/DataSource/versions/BroadleafCommerce-versions/broadleaf-5.2.3-M5,2604,2604,1,1,1,772044.0,2011-12-09 17:53:52+00:00,BroadleafCommerce/BroadleafCommerce,2017-12-20 13:29:17
broadleaf-5.3.0-M3,/media/disk-2/aleborgne/DataSource/versions/BroadleafCommerce-versions/broadleaf-5.3.0-M3,2605,2605,1,1,1,11505.0,2011-12-09 17:53:52+00:00,BroadleafCommerce/BroadleafCommerce,2017-12-20 16:41:02
broadleaf-5.2.3-M6,/media/disk-2/aleborgne/DataSource/versions/BroadleafCommerce-versions/broadleaf-5.2.3-M6,2606,2606,1,1,1,71932.0,2011-12-09 17:53:52+00:00,BroadleafCommerce/BroadleafCommerce,2017-12-21 12:39:54
broadleaf-5.3.0-M4,/media/disk-2/aleborgne/DataSource/versions/BroadleafCommerce-versions/broadleaf-5.3.0-M4,2607,2607,1,1,1,1645101.0,2011-12-09 17:53:52+00:00,BroadleafCommerce/BroadleafCommerce,2018-01-09 13:38:15
broadleaf-5.2.3-M7,/media/disk-2/aleborgne/DataSource/versions/BroadleafCommerce-versions/broadleaf-5.2.3-M7,2608,2608,1,1,1,525052.0,2011-12-09 17:53:52+00:00,BroadleafCommerce/BroadleafCommerce,2018-01-15 15:29:07
broadleaf-5.2.3-GA,/media/disk-2/aleborgne/DataSource/versions/BroadleafCommerce-versions/broadleaf-5.2.3-GA,2609,2609,1,1,1,2071222.0,2011-12-09 17:53:52+00:00,BroadleafCommerce/BroadleafCommerce,2018-02-08 14:49:29
broadleaf-5.2.4-M1,/media/disk-2/aleborgne/DataSource/versions/BroadleafCommerce-versions/broadleaf-5.2.4-M1,2610,2610,1,1,1,419031.0,2011-12-09 17:53:52+00:00,BroadleafCommerce/BroadleafCommerce,2018-02-13 11:13:20
broadleaf-5.2.4-M2,/media/disk-2/aleborgne/DataSource/versions/BroadleafCommerce-versions/broadleaf-5.2.4-M2,2611,2611,1,1,1,516995.0,2011-12-09 17:53:52+00:00,BroadleafCommerce/BroadleafCommerce,2018-02-19 10:49:55
broadleaf-5.3.0-M5,/media/disk-2/aleborgne/DataSource/versions/BroadleafCommerce-versions/broadleaf-5.3.0-M5,2612,2612,1,1,1,33.0,2011-12-09 17:53:52+00:00,BroadleafCommerce/BroadleafCommerce,2018-02-19 10:50:28
broadleaf-5.2.4-M3,/media/disk-2/aleborgne/DataSource/versions/BroadleafCommerce-versions/broadleaf-5.2.4-M3,2613,2613,1,1,1,347631.0,2011-12-09 17:53:52+00:00,BroadleafCommerce/BroadleafCommerce,2018-02-23 11:24:19
broadleaf-5.3.0-M6,/media/disk-2/aleborgne/DataSource/versions/BroadleafCommerce-versions/broadleaf-5.3.0-M6,2614,2614,1,1,1,346670.0,2011-12-09 17:53:52+00:00,BroadleafCommerce/BroadleafCommerce,2018-02-27 11:42:09
broadleaf-5.3.0-M7,/media/disk-2/aleborgne/DataSource/versions/BroadleafCommerce-versions/broadleaf-5.3.0-M7,2615,2615,1,1,1,7425.0,2011-12-09 17:53:52+00:00,BroadleafCommerce/BroadleafCommerce,2018-02-27 13:45:54
broadleaf-5.3.0-M8,/media/disk-2/aleborgne/DataSource/versions/BroadleafCommerce-versions/broadleaf-5.3.0-M8,2616,2616,1,1,1,3051.0,2011-12-09 17:53:52+00:00,BroadleafCommerce/BroadleafCommerce,2018-02-27 14:36:45
broadleaf-5.3.0-M9,/media/disk-2/aleborgne/DataSource/versions/BroadleafCommerce-versions/broadleaf-5.3.0-M9,2617,2617,1,1,1,190610.0,2011-12-09 17:53:52+00:00,BroadleafCommerce/BroadleafCommerce,2018-03-01 19:33:35
broadleaf-4.0.24-GA,/media/disk-2/aleborgne/DataSource/versions/BroadleafCommerce-versions/broadleaf-4.0.24-GA,2622,2622,1,1,1,193122.0,2011-12-09 17:53:52+00:00,BroadleafCommerce/BroadleafCommerce,2018-03-28 16:37:37
broadleaf-5.0.14-GA,/media/disk-2/aleborgne/DataSource/versions/BroadleafCommerce-versions/broadleaf-5.0.14-GA,2623,2623,1,1,1,2757.0,2011-12-09 17:53:52+00:00,BroadleafCommerce/BroadleafCommerce,2018-03-28 17:23:34
broadleaf-4.0.25-GA,/media/disk-2/aleborgne/DataSource/versions/BroadleafCommerce-versions/broadleaf-4.0.25-GA,2624,2624,1,1,1,1362549.0,2011-12-09 17:53:52+00:00,BroadleafCommerce/BroadleafCommerce,2018-04-13 11:52:43
broadleaf-3.0.0-GA-ETS-SPRING-4-M2,/media/disk-2/aleborgne/DataSource/versions/BroadleafCommerce-versions/broadleaf-3.0.0-GA-ETS-SPRING-4-M2,2625,2625,1,1,1,1157392.0,2011-12-09 17:53:52+00:00,BroadleafCommerce/BroadleafCommerce,2018-04-26 21:22:35
broadleaf-5.2.4-GA,/media/disk-2/aleborgne/DataSource/versions/BroadleafCommerce-versions/broadleaf-5.2.4-GA,2626,2626,1,1,1,1101302.0,2011-12-09 17:53:52+00:00,BroadleafCommerce/BroadleafCommerce,2018-05-09 15:17:37
broadleaf-5.3.0-M10,/media/disk-2/aleborgne/DataSource/versions/BroadleafCommerce-versions/broadleaf-5.3.0-M10,2627,2627,1,1,1,173524.0,2011-12-09 17:53:52+00:00,BroadleafCommerce/BroadleafCommerce,2018-05-11 15:29:41
broadleaf-5.1.9-GA,/media/disk-2/aleborgne/DataSource/versions/BroadleafCommerce-versions/broadleaf-5.1.9-GA,2628,2628,1,1,1,590698.0,2011-12-09 17:53:52+00:00,BroadleafCommerce/BroadleafCommerce,2018-05-18 11:34:39
broadleaf-5.1.10-M1,/media/disk-2/aleborgne/DataSource/versions/BroadleafCommerce-versions/broadleaf-5.1.10-M1,2629,2629,1,1,1,8969.0,2011-12-09 17:53:52+00:00,BroadleafCommerce/BroadleafCommerce,2018-05-18 14:04:08
broadleaf-5.2.5-M1,/media/disk-2/aleborgne/DataSource/versions/BroadleafCommerce-versions/broadleaf-5.2.5-M1,2630,2630,1,1,1,239254.0,2011-12-09 17:53:52+00:00,BroadleafCommerce/BroadleafCommerce,2018-05-21 08:31:42
broadleaf-5.2.5-M2,/media/disk-2/aleborgne/DataSource/versions/BroadleafCommerce-versions/broadleaf-5.2.5-M2,2631,2631,1,1,1,1210738.0,2011-12-09 17:53:52+00:00,BroadleafCommerce/BroadleafCommerce,2018-06-04 08:50:40
broadleaf-5.2.5-M3,/media/disk-2/aleborgne/DataSource/versions/BroadleafCommerce-versions/broadleaf-5.2.5-M3,2632,2632,1,1,1,345300.0,2011-12-09 17:53:52+00:00,BroadleafCommerce/BroadleafCommerce,2018-06-08 08:45:40
broadleaf-5.2.5-M4,/media/disk-2/aleborgne/DataSource/versions/BroadleafCommerce-versions/broadleaf-5.2.5-M4,2633,2633,1,1,1,7041.0,2011-12-09 17:53:52+00:00,BroadleafCommerce/BroadleafCommerce,2018-06-08 10:43:01
broadleaf-6.0.0-M1,/media/disk-2/aleborgne/DataSource/versions/BroadleafCommerce-versions/broadleaf-6.0.0-M1,2634,2634,1,1,1,370240.0,2011-12-09 17:53:52+00:00,BroadleafCommerce/BroadleafCommerce,2018-06-12 17:33:41
broadleaf-5.2.5-M5,/media/disk-2/aleborgne/DataSource/versions/BroadleafCommerce-versions/broadleaf-5.2.5-M5,2635,2635,1,1,1,676446.0,2011-12-09 17:53:52+00:00,BroadleafCommerce/BroadleafCommerce,2018-06-20 13:27:47
broadleaf-5.0.15-GA,/media/disk-2/aleborgne/DataSource/versions/BroadleafCommerce-versions/broadleaf-5.0.15-GA,2636,2636,1,1,1,1249014.0,2011-12-09 17:53:52+00:00,BroadleafCommerce/BroadleafCommerce,2018-07-05 00:24:41
broadleaf-5.1.10-GA,/media/disk-2/aleborgne/DataSource/versions/BroadleafCommerce-versions/broadleaf-5.1.10-GA,2637,2637,1,1,1,121259.0,2011-12-09 17:53:52+00:00,BroadleafCommerce/BroadleafCommerce,2018-07-06 10:05:40
broadleaf-5.2.5-GA,/media/disk-2/aleborgne/DataSource/versions/BroadleafCommerce-versions/broadleaf-5.2.5-GA,2638,2638,1,1,1,454725.0,2011-12-09 17:53:52+00:00,BroadleafCommerce/BroadleafCommerce,2018-07-11 16:24:25
broadleaf-5.3.0-M11,/media/disk-2/aleborgne/DataSource/versions/BroadleafCommerce-versions/broadleaf-5.3.0-M11,2639,2639,1,1,1,1092475.0,2011-12-09 17:53:52+00:00,BroadleafCommerce/BroadleafCommerce,2018-07-24 07:52:20
broadleaf-5.1.11-GA,/media/disk-2/aleborgne/DataSource/versions/BroadleafCommerce-versions/broadleaf-5.1.11-GA,2640,2640,1,1,1,1229644.0,2011-12-09 17:53:52+00:00,BroadleafCommerce/BroadleafCommerce,2018-08-07 13:26:24
broadleaf-6.0.0-M2,/media/disk-2/aleborgne/DataSource/versions/BroadleafCommerce-versions/broadleaf-6.0.0-M2,2641,2641,1,1,1,783514.0,2011-12-09 17:53:52+00:00,BroadleafCommerce/BroadleafCommerce,2018-08-16 15:04:58
broadleaf-5.3.0-M12,/media/disk-2/aleborgne/DataSource/versions/BroadleafCommerce-versions/broadleaf-5.3.0-M12,2642,2642,1,1,1,355469.0,2011-12-09 17:53:52+00:00,BroadleafCommerce/BroadleafCommerce,2018-08-20 17:49:27
broadleaf-6.0.0-M3,/media/disk-2/aleborgne/DataSource/versions/BroadleafCommerce-versions/broadleaf-6.0.0-M3,2643,2643,1,1,1,334133.0,2011-12-09 17:53:52+00:00,BroadleafCommerce/BroadleafCommerce,2018-08-24 14:38:20
broadleaf-5.1.12-GA,/media/disk-2/aleborgne/DataSource/versions/BroadleafCommerce-versions/broadleaf-5.1.12-GA,2644,2644,1,1,1,1472009.0,2011-12-09 17:53:52+00:00,BroadleafCommerce/BroadleafCommerce,2018-09-10 15:31:49
broadleaf-5.2.6-GA,/media/disk-2/aleborgne/DataSource/versions/BroadleafCommerce-versions/broadleaf-5.2.6-GA,2645,2645,1,1,1,331663.0,2011-12-09 17:53:52+00:00,BroadleafCommerce/BroadleafCommerce,2018-09-14 11:39:32
broadleaf-6.0.0-M4,/media/disk-2/aleborgne/DataSource/versions/BroadleafCommerce-versions/broadleaf-6.0.0-M4,2646,2646,1,1,1,2935732.0,2011-12-09 17:53:52+00:00,BroadleafCommerce/BroadleafCommerce,2018-10-18 11:08:24
broadleaf-4.0.26-GA,/media/disk-2/aleborgne/DataSource/versions/BroadleafCommerce-versions/broadleaf-4.0.26-GA,2647,2647,1,1,1,3382924.0,2011-12-09 17:53:52+00:00,BroadleafCommerce/BroadleafCommerce,2018-11-26 14:50:28
broadleaf-5.0.16-GA,/media/disk-2/aleborgne/DataSource/versions/BroadleafCommerce-versions/broadleaf-5.0.16-GA,2648,2648,1,1,1,83598.0,2011-12-09 17:53:52+00:00,BroadleafCommerce/BroadleafCommerce,2018-11-27 14:03:46
broadleaf-5.1.13-GA,/media/disk-2/aleborgne/DataSource/versions/BroadleafCommerce-versions/broadleaf-5.1.13-GA,2649,2649,1,1,1,76077.0,2011-12-09 17:53:52+00:00,BroadleafCommerce/BroadleafCommerce,2018-11-28 11:11:43
broadleaf-5.2.7-GA,/media/disk-2/aleborgne/DataSource/versions/BroadleafCommerce-versions/broadleaf-5.2.7-GA,2650,2650,1,1,1,602427.0,2011-12-09 17:53:52+00:00,BroadleafCommerce/BroadleafCommerce,2018-12-05 10:32:10
broadleaf-6.0.0-M5,/media/disk-2/aleborgne/DataSource/versions/BroadleafCommerce-versions/broadleaf-6.0.0-M5,2651,2651,1,1,1,6181.0,2011-12-09 17:53:52+00:00,BroadleafCommerce/BroadleafCommerce,2018-12-05 12:15:11
